1,3716,3716,413,248
2,23,23,1,0
3,36589,36589,6085,9
4,8639,8639,1018,134
5,1520,1520,577,30
6,3719,3719,480,312
7,9670,9670,2136,0
8,1943,1943,631,61
9,1236,1236,965,172
10,37856,37856,9673,5654
11,1188,1188,1991,0
12,203,203,61,21
13,19676,19676,3392,253
14,4317,4317,1452,608
15,22842,22842,5806,378
16,1705,1705,180,11
17,138,138,18,0
18,194,194,141,41
19,398,398,29,3
20,19767,19767,3554,49
21,2592,2592,355,87
22,26765,26765,8843,11
23,131392,131392,17519,36
24,37645,37645,9577,43
25,11280,11280,1921,30
26,81445,81445,16042,35
27,13397,13397,3211,242
28,930,930,158,4
29,55922,55922,6196,0
30,10036,10036,3110,90
31,2688,2688,8033,126
32,33316,33316,6109,25
33,3450,3450,200,12
34,14631,14631,4590,100
35,6275,6275,1621,7
36,24807,24807,5547,49
37,2778,2778,761,17
38,6191,6191,2322,1
39,1507,1507,503,13
40,2365,2365,475,13
41,7845,7845,866,16
42,8713,8713,2072,8
43,23410,23410,4556,149
44,1126,1126,164,6
45,8691,8691,560,409
46,14108,14108,1763,37
47,1506,1506,458,3
48,1436,1436,364,9
49,767,767,222,18
50,607,607,137,17
51,302,302,214,0
52,7790,7790,1184,102
53,1577,1577,289,6
54,4295,4295,931,111
55,3387,3387,1140,60
56,3735,3735,691,46
57,13576,13576,3456,1977
58,59571,59571,28761,465
59,51693,51693,14367,687
60,8863,8863,1903,40
61,27642,27642,5673,95
62,42943,42943,25554,1157
63,92,92,9,0
64,28403,28403,9086,232
65,561,561,165,1
66,1074,1074,518,7
67,1,1,1,0
68,17164,17164,2293,605
69,5835,5835,2325,10
70,6656,6656,1232,89
71,2284,2284,324,8
72,6,6,1,0
73,2953,2953,840,4
74,3141,3141,2362,215
75,36337,36337,4222,748
76,8703,8703,1144,84
77,13138,13138,1792,47
78,10548,10548,1544,426
79,110080,110080,32154,48
80,4759,4759,2297,77
81,6409,6409,1667,55
82,2301,2301,642,67
83,6241,6241,1738,488
84,41344,41344,3962,24
85,386,386,182,13
86,33860,33860,4818,10
87,19609,19609,3072,54
88,8235,8235,4136,127
89,30370,30370,5613,28
90,39902,39902,3606,13
91,37016,37016,13966,197
92,923,923,404,9
93,723,723,43,31
94,7367,7367,1795,9
95,10493,10493,2800,11
96,46966,46966,6372,97
97,2123,2123,568,10
98,17095,17095,3938,8
99,1,1,567,0
100,1082,1082,142,14
101,27130,27130,3868,33
102,19025,19025,2657,2
103,3475,3475,214,23
104,1433,1433,145,5
105,7486,7486,442,3
106,32,32,3,0
107,1649,1649,243,13
108,14421,14421,1696,38
109,14506,14506,1566,17
110,2564,2564,1273,44
111,33002,33002,6754,44
112,2808,2808,532,21
113,11778,11778,3388,0
114,5562,5562,703,2
115,10672,10672,810,5
116,4744,4744,717,8
117,17621,17621,2086,0
118,53603,53603,7114,19
119,666,666,133,9
120,32693,32693,10025,17
121,1914,1914,434,67
122,4732,4732,656,25
123,1346,1346,733,210
124,589,589,98,10
125,1559,1559,297,6
126,12388,12388,1262,62
127,3054,3054,672,19
128,11891,11891,2053,9
129,1541,1541,127,5
130,69,69,31,3
131,204,204,131,1
132,44260,44260,11192,0
133,672,672,172,24
134,633,633,382,29
135,5057,5057,2811,69
136,5092,5092,203594,514
137,6507,6507,2578,175
138,1227,1227,355,5
139,1374,1374,437,4
140,358,358,146,22
141,1121,1121,403,54
142,13639,13639,1402,170
143,1321,1321,75,33
144,113,113,17,1
145,445,445,2559,30
146,3683,3683,413,36
147,8648,8648,814,70
148,5738,5738,8593,5
149,25,25,84,0
150,20,50,0,2
151,5080,5080,1001,814
152,3914,3914,2145,21
153,828,828,260,90
154,173,173,87,66
155,1624,1624,288,1
156,13430,13430,4427,2102
157,1244,1244,192,46
158,3023,3023,441,144
159,3,3,28,0
160,146,146,35,1
161,363,363,27,0
162,293,293,110,6
163,30129,30129,18212,1124
164,8475,8475,2093,580
165,3383,3383,2272,255
166,678,678,272,19
167,16964,16964,11312,1594
168,1341,1341,444,241
169,2244,2244,267,72
170,0,0,15,2
171,890,890,2454,46
172,1371,1371,562,169
173,619,619,121201,3002
174,3794,3794,693,138
175,400,400,166,0
176,2924,2924,2848,324
177,33,33,2,0
178,16758,16758,5663,120
179,1478,1478,376,11
180,14219,14219,3221,142
181,37,37,1231,0
182,2783,2783,1758,311
183,8573,8573,999,89
184,25235,25235,4743,109
185,5247,5247,7355,703
186,55,55,13,0
187,498,498,216,64
188,1189,1189,1223,34
189,29815,29815,12147,22
190,188,188,60,0
191,172,172,32,2
192,3150,3150,832,13
193,977,977,558,7
194,2621,2621,401,41
195,25890,25890,3243,8
196,1011,1011,192,0
197,1200,1200,165,39
198,4037,4037,357,32
199,2042,2042,360,4
200,205,205,13,1
201,110,110,83,0
202,5522,5522,1052,130
203,4999,4999,582,96
204,5130,5130,2461,158
205,16919,16919,4357,1
206,3725,3725,866,293
207,4594,4594,1900,0
208,13385,13385,2648,207
209,183,183,65,0
210,144686,144686,35176,47
211,33366,33366,7262,54
212,4652,4652,1864,26
213,569,569,413,4
214,30,30,14,0
215,392,392,131,20
216,15488,15488,8202,735
217,14098,14098,5625,6606
218,306,306,87,15
219,143365,143365,80844,3494
220,8416,8416,2514,7
221,9079,9079,1146,211
222,15465,15465,3669,74
223,3528,3528,1987,0
224,42708,42708,18849,6025
225,6424,6424,2311,1174
226,3635,3635,1142,413
227,1123,1123,284,80
228,5615,5615,609,47
229,16227,16227,2889,197
230,16461,16461,6347,433
231,1445,1445,433,16
232,12860,12860,14117,471
233,3296,3296,1911,6
234,71,71,77,0
235,48633,48633,21062,235
236,5881,5881,861,97
237,3145,3145,468,46
238,5329,5329,1352,79
239,20,20,3,3
240,6884,6884,1220,464
241,5378,5378,1866,294
242,417,417,160,208
243,338,338,43,1
244,14658,14658,7194,338
245,99890,99890,52564,120
246,35621,35621,6872,54
247,2,2,3,0
248,5933,5933,2495,19
249,136,136,116,5
250,21374,21374,4670,714
251,7214,7214,3763,90
252,861,861,167,11
253,1758,1758,849,70
254,1175,1175,328,28
255,6455,6455,635,220
256,539,539,144,58
257,1435,1435,151,75
258,8736,8736,3117,301
259,4979,4979,468,52
260,17412,17412,914,24
261,733,733,79,6
262,570,570,55,42
263,3991,3991,535,121
264,94,94,12,2
265,0,0,1,0
266,3657,3657,795,83
267,5487,5487,539,17
268,19347,19347,2753,152
269,2481,2481,223,11
270,10791,10791,3233,889
271,1045,1045,502,497
272,7452,7452,1135,1
273,1803,1803,364,68
274,4772,4772,2654,124
275,1785,1785,347,65
276,418,418,65,11
277,4819,4819,2138,23
278,2114,2114,1214,48
279,82203,82203,11006,1137
280,5302,5302,606,44
281,1847,1847,345,23
282,331,331,49,1
283,28525,28525,4472,226
284,6815,6815,1433,190
285,5328,5328,1083,219
286,4316,4316,925,179
287,13589,13589,3828,403
288,628,628,57,4
289,5905,5905,1113,8
290,40674,40674,13936,1845
291,13855,13855,2648,16
292,90749,90749,12165,7570
293,192,192,224,0
294,3224,3224,263,27
295,10339,10339,6399,298
296,69432,69432,16754,1282
297,5777,5777,1915,31
298,25070,25070,5231,38
299,42222,42222,16547,2607
300,11193,11193,4496,146
301,48194,48194,8064,154
302,2090,2090,2373,1189
303,1896,1896,265,146
304,108421,108421,19478,716
305,6769,6769,1306,282
306,6944,6944,1158,141
307,188,188,55,1
308,2228,2228,484,20
309,1892,1892,512,23
310,6709,6709,1554,162
311,526,526,96,26
312,2643,2643,524,135
313,581,581,179,15
314,20730,20730,4993,73
315,2309,2309,491,59
316,1393,1393,264,19
317,3975,3975,604,169
318,1961,1961,420,28
319,5084,5084,629,33
320,27828,27828,12295,0
321,125,125,150,21
322,188,188,247,9
323,6187,6187,1371,4
324,7,7,2017,0
325,38773,38773,6743,99
326,58754,58754,8702,12
327,6845,6845,1717,3
328,249286,249286,21110,16767
329,1570,1570,242,23
330,58849,58849,21520,462
331,24612,24612,5662,48
332,7297,7297,2007,11
333,1389,1389,349,5
334,478,478,134,21
335,232,232,53,36
336,3231,3231,1469,46
337,1767,1767,676,9
338,16857,16857,8181,53
339,7375,7375,7725,119
340,2,2,278,0
341,10,20,30,0
342,318,318,44,3
343,290,290,94,3
344,1992,1992,1226,10
345,1850,1850,515,0
346,34622,34622,5821,1
347,3707,3707,1026,1
348,2435,2435,483,6
349,26957,26957,3342,85
350,2445,2445,259,25
351,1074,1074,1126,40
352,19623,19623,2312,702
353,37269,37269,4300,57
354,0,0,2145,0
355,14646,14646,2837,45
356,8933,8933,1053,297
357,44799,44799,10279,1723
358,18007,18007,7936,0
359,81,81,600,0
360,44616,44616,10687,7
361,826,826,348,43
362,3236,3236,572,22
363,19,19,292,0
364,9428,9428,1113,107
365,5013,5013,1409,67
366,7629,7629,2773,48
367,1321,1321,298,82
368,15626,15626,2874,23
369,3,3,12,0
370,1972,1972,579,364
371,20937,20937,4000,345
372,47799,47799,18047,3012
373,40243,40243,19531,2249
374,4300,4300,1729,88
375,2,2,1,0
376,4170,4170,605,4
377,7132,7132,1329,47
378,1,1,100,0
379,9080,9080,1338,13
380,2003,2003,449,30
381,1535,1535,718,0
382,14703,14703,1139,1025
383,2881,2881,577,57
384,5520,5520,394,2
385,1125,1125,170,37
386,959,959,216,31
387,6816,6816,2069,28
388,3476,3476,557,40
389,251,251,116,8
390,20937,20937,4064,31
391,8995,8995,2603,34
392,1501,1501,475,1
393,125,125,63,1
394,261,261,93,10
395,216,216,1441,2
396,1,1,2,11
397,10181,10181,5049,102
398,28381,28381,8256,48
399,82,82,40,73
400,2170,2170,338,115
401,8475,8475,4306,454
402,4729,4729,953,79
403,9024,9024,2493,30
404,881,881,796,0
405,427,427,131,8
406,4621,4621,441,17
407,61,61,26,0
408,121,121,29,0
409,5039,5039,1130,11
410,929,929,244,30
411,463,463,149,18
412,165,165,67,3
413,243,243,116,21
414,401,401,143,5
415,848,848,206,3
416,6172,6172,2818,164
417,8630,8630,1675,7
418,8940,8940,2262,78
419,1756,1756,324,0
420,63129,63129,40366,1074
421,2241,2241,638,10
422,28358,28358,7134,54
423,7347,7347,1095,32
424,4107,4107,1164,995
425,23164,23164,4152,1071
426,68555,68555,11355,182
427,12437,12437,14464,8
428,30510,30510,14288,1122
429,71461,71461,10200,5734
430,17955,17955,2078,653
431,1083,1083,214,1
432,46,46,14,1
433,1391,1391,635,5
434,1487,1487,441,3
435,6551,6551,1042,559
436,4836,4836,2908,56
437,2153,2153,1896,7
438,25984,25984,5967,75
439,1776,1776,278,2
440,10097,10097,2390,108
441,18142,18142,8068,7
442,7044,7044,1816,374
443,7950,7950,1930,5
444,7999,7999,1441,8
445,20961,20961,6559,165
446,9514,9514,1747,927
447,2756,2756,451,51
448,4881,4881,4697,5766
449,0,0,1,0
450,10591,10591,2877,102
451,9529,9529,1369,342
452,1003,1003,419,542
453,1672,1672,1540,26
454,3,3,249,0
455,1207,1207,351,10
456,14815,14815,3666,435
457,1290,1290,770,4
458,202,202,172,56
459,319,319,206,142
460,192,192,152,31
461,8500,8500,2367,281
462,6210,6210,2418,387
463,177,177,405,8
464,12187,12187,1803,404
465,4326,4326,1413,65
466,1975,1975,1829,93
467,8284,8284,2271,40
468,5785,5785,3103,308
469,42251,42251,7655,277
470,4168,4168,2334,162
471,11469,11469,1729,44
472,8484,8484,1525,149
473,25,25,6,0
474,4426,4426,853,142
475,2715,2715,302,71
476,15321,15321,2600,22
477,5178,5178,1226,190
478,4811,4811,505,40
479,7592,7592,3176,30
480,1516,1516,468,80
481,526,526,242,8
482,2797,2797,326,24
483,14668,14668,1648,126
484,681,681,90,60
485,0,0,1,0
486,1137,1137,503,1384
487,180,180,90,50
488,692,692,189,115
489,43,43,9,0
490,11676,11676,1338,0
491,15342,15342,4603,411
492,20353,20353,2694,2096
493,1542,1542,400,67
494,2509,2509,449,55
495,18289,18289,3262,44
496,13209,13209,3349,509
497,240,240,350,8
498,10991,10991,2059,9
499,4354,4354,249,2
500,1645,1645,542,32
501,4,4,1924,1
502,225,225,39,9
503,1006,1006,98,65
504,3316,3316,771,319
505,229,229,37,5
506,2525,2525,157,2
507,4644,4644,368,10
508,782,782,122,0
509,1124,1124,114,0
510,8041,8041,700,94
511,153,153,72,32
512,5716,5716,1443,179
513,14515,14515,2483,2253
514,440,440,126,57
515,1374,1374,333,106
516,969,969,210,84
517,1363,1363,181,41
518,195,195,107,32
519,1450,1450,368,39
520,256,256,25,10
521,47,47,195,3
522,8328,8328,1299,8
523,8346,8346,737,1
524,2728,2728,144,19
525,6968,6968,880,114
526,51325,51325,8330,423
527,216,216,36,3
528,5822,5822,891,26
529,20,20,5,5
530,5813,5813,1451,166
531,6911,6911,1173,91
532,12391,12391,2231,207
533,13298,13298,2768,255
534,4423,4423,446,30
535,6371,6371,440,52
536,3274,3274,360,84
537,1538,1538,278,112
538,5853,5853,2574,220
539,742,742,212,28
540,710,710,79,4
541,4697,4697,684,153
542,556,556,149,24
543,10005,10005,2769,43
544,325,325,526,13
545,3049,3049,434,47
546,1321,1321,76,9
547,1998,1998,147,65
548,246,246,29,18
549,109,109,49,10
550,97,97,671,3
551,16173,16173,5899,633
552,0,0,1,0
553,981,981,453,79
554,302,302,2099,2
555,335,335,1578,0
556,141,141,1375,44
557,215,215,1399,3
558,93,93,1186,1
559,649,649,2629,2
560,171,171,1163,4
561,70,70,406,1
562,211,211,1118,2
563,78,78,1225,1
564,155,155,806,2
565,292,292,1856,2
566,87,87,1039,0
567,1261,1261,471,7
568,186,186,2610,4
569,19,19,268,0
570,22549,22549,6281,683
571,6085,6085,2264,40
572,93,93,45,20
573,275,275,108,34
574,9830,9830,3372,224
575,89,89,48,4
576,9833,9833,2635,541
577,1589,1589,417,24
578,10519,10519,2646,191
579,14959,14959,4722,6
580,6302,6302,1505,20
581,5594,5594,1408,4
582,1412,1412,203,36
583,691,691,45,0
584,4218,4218,470,0
585,11225,11225,1469,2
586,2332,2332,507,93
587,1222,1222,219,80
588,5766,5766,1363,1
589,456,456,167,50
590,1151,1151,96,6
591,2468,2468,1182,65
592,51,51,7,1
593,10110,10110,1213,39
594,19690,19690,3377,179
595,6644,6644,1708,85
596,13,13,12,1
597,2861,2861,473,48
598,1862,1862,216,43
599,296,296,31,2
600,6878,6878,922,31
601,4373,4373,528,183
602,6,6,4,0
603,3238,3238,282,13
604,3961,3961,7358,125
605,6650,6650,988,2
606,7074,7074,626,49
607,781,781,1610,1
608,5421,5421,441,126
609,11067,11067,1270,133
610,8666,8666,2749,335
611,86494,86494,19278,810
612,1149,1149,768,5
613,1,1,4,0
614,2913,2913,842,6
615,1889,1889,780,0
616,905,905,367,1
617,1226,1226,2349,15
618,1115,1115,171,37
619,2441,2441,389,235
620,405,405,28,13
621,216,216,58,26
622,279,279,376,38
623,743,743,128,27
624,1647,1647,183,33
625,391,391,412,11
626,5932,5932,620,36
627,7068,7068,515,59
628,100,100,211,6
629,3989,3989,370,125
630,5000,5000,673,167
631,9896,9896,973,38
632,323,323,266,28
633,334,334,101,2
634,1822,1822,216,19
635,90,90,70,53
636,902,902,96,33
637,8167,8167,740,35
638,11504,11504,2802,10
639,4428,4428,762,44
640,5426,5426,2213,26
641,2612,2612,684,5
642,1242,1242,379,28
643,11582,11582,4819,994
644,48179,48179,16444,2706
645,1672,1672,866,104
646,5841,5841,1352,263
647,671,671,318,59
648,390,390,121,13
649,1954,1954,1588,17
650,9001,9001,1423,575
651,0,0,1,0
652,477,477,107,6
653,691,691,45,0
654,3768,3768,209,28
655,23495,23495,1786,859
656,10975,10975,1878,57
657,510,510,205,3
658,10855,10855,814,7
659,8637,8637,1288,41
660,30898,30898,6687,2
661,342,342,59,33
662,10184,10184,4119,56
663,39375,39375,3337,306
664,7603,7603,2104,128
665,986,986,1547,30
666,3726,3726,977,139
667,2125,2125,387,207
668,2179,2179,463,103
669,2523,2523,705,215
670,11373,11373,2066,216
671,2558,2558,235,0
672,131,131,55,7
673,8510,8510,2136,598
674,2941,2941,378,25
675,924,924,56,1
676,991,991,328,31
677,270,270,150,5
678,0,0,1,1
679,4592,4592,638,75
680,315,315,82,9
681,628,628,218,31
682,3829,3829,593,212
683,4376,4376,388,2
684,271,271,58,3
685,72,72,38,7
686,2390,2390,314,6
687,6819,6819,1889,312
688,10436,10436,1335,12
689,3844,3844,302,18
690,1684,1684,262,21
691,2554,2554,1042,14
692,564,564,209,1
693,2481,2481,707,5
694,736,736,186,0
695,5022,5022,1463,3
696,10658,10658,3730,315
697,16431,16431,7813,1378
698,6048,6048,1642,17
699,16311,16311,5172,60
700,6221,6221,989,9
701,86,86,6,19
702,2805,2805,1013,345
703,4183,4183,698,53
704,2017,2017,901,240
705,3043,3043,250,10
706,14878,14878,2078,2
707,1573,1573,279,14
708,7130,7130,1047,12
709,44158,44158,8883,6
710,38513,38513,8234,32
711,59846,59846,23138,581
712,5447,5447,978,801
713,12559,12559,872,55
714,11441,11441,1429,1
715,3038,3038,214,90
716,9105,9105,903,199
717,15162,15162,1969,204
718,66,66,29,10
719,4525,4525,520,232
720,0,0,1,0
721,2699,2699,913,35
722,926,926,1583,0
723,430,430,666,0
724,13194,13194,3844,87
725,6188,6188,1665,340
726,3014,3014,1494,2
727,1160,1160,135,204
728,26924,26924,3585,168
729,1589,1589,332,21
730,15737,15737,4588,11
731,4246,4246,1533,4
732,2511,2511,7911,20
733,6214,6214,2114,85
734,2741,2741,1458,113
735,17666,17666,6275,0
736,2402,2402,355,8
737,12138,12138,3077,39
738,1212,1212,303,1
739,6208,6208,1747,12
740,77,77,156,5
741,2951,2951,931,19
742,68274,68274,5255,76
743,3667,3667,1185,28
744,4305,4305,1189,216
745,2746,2746,401,212
746,3079,3079,3380,100
747,20829,20829,7288,63
748,345,345,124,31
749,2068,2068,560,92
750,934,934,294,43
751,21865,21865,1073,390
752,19469,19469,1703,9
753,3568,3568,192,1
754,19053,19053,2335,99
755,579,579,115,18
756,1928,1928,2214,5
757,68,68,36,20
758,82,82,16,0
759,1053,1053,151,24
760,479,479,54,31
761,1032,1032,367,17
762,1548,1548,172,124
763,316,316,86,0
764,7141,7141,519,16
765,2904,2904,551,90
766,1431,1431,246,146
767,2,2,231,0
768,7444,7444,1173,13
769,36507,36507,4328,39
770,1392,1392,124,7
771,2491,2491,289,359
772,1150,1150,404,112
773,1178,1178,295,70
774,3083,3083,321,13
775,6423,6423,1032,211
776,1518,1518,143,22
777,12779,12779,3626,8
778,3826,3826,1443,31
779,15523,15523,2016,42
780,3424,3424,580,62
781,770,770,100,79
782,46,46,11,0
783,3941,3941,1395,615
784,3670,3670,1568,597
785,9291,9291,1022,478
786,7,7,2,1
787,4471,4471,684,38
788,4170,4170,378,47
789,77892,77892,18735,608
790,43654,43654,7814,768
791,56551,56551,15565,394
792,2808,2808,1308,82
793,8825,8825,4960,30
794,16696,16696,6311,435
795,11009,11009,2447,42
796,7749,7749,1909,41
797,2500,2500,1494,6
798,4873,4873,9123,1840
799,1089,1089,121,20
800,3467,3467,9734,685
801,4886,4886,3298,695
802,8735,8735,3117,301
803,121,121,50,4
804,37196,37196,4278,252
805,2277,2277,613,21
806,32811,32811,10123,1086
807,1242,1242,161,27
808,228,228,84,2
809,2062,2062,473,14
810,1247,1247,685,8
811,181,181,48,34
812,2422,2422,472,100
813,168,168,28,0
814,1543,1543,353,1
815,5102,5102,817,22
816,1213,1213,193,27
817,4500,4500,1501,30
818,2740,2740,491,120
819,5938,5938,542,34
820,583,583,1003,118
821,3009,3009,126,47
822,1339,1339,469,67
823,12,12,1,3
824,294,294,53,7
825,14131,14131,1628,26
826,18606,18606,6624,1851
827,16465,16465,3705,492
828,195,195,168,2
829,5220,5220,1446,140
830,4994,4994,579,24
831,685,685,233,18
832,1182,1182,667,85
833,4095,4095,622,177
834,577,577,78,1
835,4499,4499,309,3
836,2893,2893,293,2
837,25026,25026,4420,341
838,5921,5921,1497,3
839,10887,10887,2193,9
840,66072,66072,14143,21
841,8948,8948,2651,59
842,4567,4567,519,0
843,9492,9492,1540,72
844,2329,2329,1866,34
845,8698,8698,1110,2
846,138,138,129,14
847,7,7,284,0
848,4101,4101,1556,224
849,2591,2591,550,74
850,561,561,3455,2
851,7299,7299,3342,72
852,1932,1932,546,3
853,2705,2705,1035,1
854,8571,8571,976,61
855,132,132,51,5
856,4096,4096,1203,197
857,3388,3388,341,37
858,15975,15975,1806,54
859,9474,9474,2811,259
860,10984,10984,1780,24
861,2765,2765,395,32
862,7012,7012,1318,90
863,2833,2833,347,98
864,4270,4270,724,230
865,6743,6743,1617,241
866,2099,2099,900,0
867,60105,60105,16431,3413
868,160,160,60,20
869,2692,2692,367,65
870,870,870,394,1
871,5870,5870,321,76
872,7816,7816,1815,13
873,9075,9075,2086,24
874,45413,45413,18356,604
875,435,435,99,11
876,109,109,50,187
877,33653,33653,9404,471
878,20360,20360,5786,112
879,934,934,338,115
880,847,847,288,92
881,191,191,82,8
882,878,878,229,16
883,7084,7084,1211,64
884,855,855,268,22
885,2651,2651,541,72
886,30014,30014,9548,20
887,8648,8648,3882,230
888,16648,16648,5030,22
889,25610,25610,6034,479
890,4836,4836,1203,162
891,886,886,59,0
892,13427,13427,2577,137
893,6597,6597,2293,6
894,4552,4552,1111,4
895,10208,10208,3407,32
896,5291,5291,317,64
897,26531,26531,6373,153
898,9051,9051,1634,36
899,1610,1610,137,3
900,1419,1419,610,153
901,1221,1221,197,2
902,7698,7698,1500,15
903,5077,5077,1215,63
904,556,556,86,36
905,373,373,113,43
906,1160,1160,1438,427
907,12439,12439,508,165
908,1041,1041,883,0
909,60105,60105,16431,3413
910,49,49,33,8
911,74,74,21,10
912,2245,2245,378,0
913,40,40,24,5
914,4829,4829,1064,8
915,2560,2560,788,4
916,29552,29552,1706,171
917,872,872,183,28
918,126,126,67,11
919,196,196,45,0
920,3746,3746,249,5
921,1883,1883,14853,179
922,3125,3125,1095,46
923,731,731,239,2
924,2611,2611,587,17
925,26470,26470,2380,3
926,23694,23694,4769,841
927,5852,5852,527,203
928,2989,2989,705,283
929,27530,27530,21163,3352
930,18968,18968,1544,41
931,13,13,5,0
932,4243,4243,908,83
933,69411,69411,16756,1285
934,8,8,2,1
935,2045,2045,422,1042
936,1257,1257,224,65
937,3422,3422,2588,289
938,793,793,654,240
939,727,727,474,29
940,6723,6723,1269,224
941,18604,18604,6625,1853
942,2564,2564,464,25
943,305,305,292,21
944,30476,30476,6780,24
945,5418,5418,567,5
946,64,64,18,3
947,649,649,54,45
948,2217,2217,351,223
949,2545,2545,413,6
950,3185,3185,366,22
951,13614,13614,1021,109
952,689,689,201,4
953,2462,2462,473,12
954,3833,3833,1045,66
955,2135,2135,295,58
956,10839,10839,3472,328
957,320,320,197,31
958,2119,2119,421,229
959,674,674,121,12
960,9802,9802,772,308
961,4220,4220,478,70
962,11058,11058,543,163
963,4,4,1,0
964,14872,14872,3530,220
965,15071,15071,6044,179
966,2554,2554,358,18
967,5306,5306,1611,446
968,1197,1197,120,15
969,3042,3042,251,4
970,84,84,46,6
971,1131,1131,1086,10
972,9866,9866,2193,39
973,1,1,2,0
974,579,579,119,0
975,7556,7556,1856,233
976,244,244,1436,0
977,46446,46446,3004,160
978,16294,16294,3448,150
979,89695,89695,31307,328
980,874,874,154,34
981,7937,7937,3854,23
982,737,737,138,8
983,485,485,48,20
984,20054,20054,4287,363
985,446,446,115,95
986,3541,3541,893,1531
987,216,216,288,771
988,1304,1304,568,10
989,1061,1061,222,10
990,5777,5777,969,28
991,1013,1013,180,22
992,2920,2920,368,9
993,857,857,330,20
994,1046,1046,378,458
995,13249,13249,3219,6
996,847,847,80,2
997,451,451,189,1
998,5805,5805,951,22
999,16609,16609,4584,4
1000,6346,6346,858,1
1001,5493,5493,1849,3
1002,303,303,100,5
1003,2393,2393,468,4
1004,3919,3919,743,112
1005,1418,1418,357,1
1006,5478,5478,1975,617
1007,40167,40167,8806,163
1008,53179,53179,19241,82
1009,1177,1177,420,15
1010,8133,8133,3439,69
1011,2,2,1099,684
1012,27048,27048,4328,108
1013,5755,5755,1867,2453
1014,3817,3817,578,313
1015,4231,4231,556,239
1016,2848,2848,374,263
1017,559,559,264,2
1018,8731,8731,3122,1689
1019,4318,4318,522,187
1020,8453,8453,2325,151
1021,6107,6107,737,24
1022,28948,28948,2736,71
1023,1027,1027,140,80
1024,2534,2534,602,61
1025,96,96,68,0
1026,12405,12405,2921,431
1027,687,687,170,3
1028,83,83,178,22
1029,874,874,113,53
1030,1284,1284,1317,0
1031,820,820,95,0
1032,35399,35399,4330,7
1033,12092,12092,3327,4
1034,2772,2772,971,22
1035,29044,29044,4700,17
1036,8222,8222,2055,2
1037,1222,1222,368,22
1038,1839,1839,953,35
1039,7233,7233,1504,0
1040,99,99,1500,1
1041,6401,6401,1792,2
1042,1883,1883,1693,6
1043,814,814,132,11
1044,13959,13959,1247,315
1045,818,818,136,24
1046,4425,4425,917,40
1047,4451,4451,851,1110
1048,246,246,41,1
1049,2737,2737,909,6
1050,601,601,148,1
1051,2791,2791,932,71
1052,3852,3852,1015,37
1053,251,251,110,9
1054,279,279,111,2
1055,233,233,78,29
1056,118,118,21,7
1057,60491,60491,5768,897
1058,3631,3631,829,78
1059,18621,18621,2942,3
1060,5272,5272,1585,3
1061,25650,25650,2879,0
1062,1273,1273,733,256
1063,7167,7167,1894,349
1064,497,497,428,304
1065,9555,9555,1638,60
1066,10176,10176,3101,10
1067,130,130,26,0
1068,4614,4614,1100,263
1069,44,44,9,4
1070,2801,2801,358,40
1071,10194,10194,1070,45
1072,4809,4809,844,101
1073,9037,9037,3289,204
1074,3775,3775,725,0
1075,1396,1396,305,2
1076,3467,3467,383,164
1077,3200,3200,185,22
1078,22185,22185,4235,274
1079,2453,2453,302,41
1080,936,936,184,0
1081,3595,3595,535,1
1082,34091,34091,14205,59
1083,5992,5992,1881,50
1084,13345,13345,7307,19
1085,1451,1451,312,7
1086,982,982,108,104
1087,4656,4656,910,45
1088,1904,1904,572,81
1089,203,203,93,0
1090,12046,12046,2401,79
1091,19503,19503,3115,102
1092,13315,13315,2296,24
1093,5276,5276,572,17
1094,613,613,176,5
1095,3152,3152,321,55
1096,5391,5391,962,1
1097,3178,3178,209,0
1098,4710,4710,325,24
1099,1096,1096,132,59
1100,568,568,187,9
1101,7230,7230,260,161
1102,5,5,4,1
1103,2296,2296,458,217
1104,4135,4135,839,340
1105,14303,14303,6819,1430
1106,2351,2351,811,0
1107,1183,1183,209,19
1108,2182,2182,1048,41
1109,3733,3733,623,171
1110,1205,1205,354,76
1111,2795,2795,2646,2
1112,6038,6038,3052,322
1113,72211,72211,6476,349
1114,1566,1566,3034,4
1115,54,54,1666,2
1116,2782,2782,1029,118
1117,5711,5711,361,128
1118,1877,1877,174,3
1119,31219,31219,6631,2639
1120,5855,5855,578,2236
1121,1591,1591,344,24
1122,3482,3482,474,175
1123,367,367,160,21
1124,788,788,207,50
1125,34725,34725,3667,15
1126,5365,5365,1148,17
1127,5303,5303,844,122
1128,9375,9375,2218,254
1129,1754,1754,1279,53
1130,1974,1974,483,25
1131,13478,13478,3594,265
1132,495,495,59,1
1133,2998,2998,372,229
1134,605,605,303,0
1135,13,13,19,0
1136,341,341,154,60
1137,4057,4057,365,332
1138,197,197,303,1
1139,319,319,90,1
1140,1857,1857,363,338
1141,883,883,106,0
1142,1599,1599,147,16
1143,3054,3054,689,251
1144,9844,9844,2537,505
1145,967,967,1782,42
1146,536,536,46,22
1147,3831,3831,1515,226
1148,1670,1670,350,0
1149,2889,2889,930,23
1150,5335,5335,1368,31
1151,4493,4493,780,218
1152,9122,9122,2526,668
1153,393,393,62,2
1154,373,373,86,0
1155,66,66,23,0
1156,134,134,45,1
1157,1677,1677,173,110
1158,368,368,62,59
1159,400,400,34,12
1160,574,574,159,14
1161,104981,104981,16680,9
1162,31905,31905,20853,612
1163,19304,19304,2471,11
1164,21182,21182,5703,1327
1165,116,116,32,4
1166,2568,2568,369,47
1167,848,848,10625,7
1168,3274,3274,190,40
1169,11783,11783,1679,185
1170,337,337,141,34
1171,8564,8564,980,11
1172,23133,23133,5095,301
1173,9379,9379,1940,68
1174,2811,2811,262,4
1175,6602,6602,704,148
1176,351,351,120,0
1177,21661,21661,1592,572
1178,30009,30009,4563,13
1179,2476,2476,592,60
1180,1263,1263,404,168
1181,11132,11132,4253,173
1182,7033,7033,3217,1484
1183,35168,35168,4122,44
1184,7465,7465,1316,307
1185,234,234,91,4
1186,8158,8158,1671,62
1187,5346,5346,535,33
1188,786,786,189,6
1189,2,2,440,0
1190,25781,25781,21519,260
1191,620,620,214,8
1192,709,709,114,1
1193,209,209,17,7
1194,371,371,22,19
1195,10621,10621,1227,84
1196,1811,1811,1007,30
1197,1004,1004,239,15
1198,4734,4734,784,35
1199,19217,19217,4506,988
1200,162,162,48,7
1201,1,1,2,0
1202,75,75,37,0
1203,626,626,255,6
1204,182,182,67,9
1205,365,365,52,19
1206,18083,18083,2152,3314
1207,158,158,122,11
1208,488,488,143,227
1209,5889,5889,1643,3
1210,43631,43631,3484,76
1211,4074,4074,4289,1027
1212,1168,1168,39836,153
1213,6951,6951,529,5
1214,36,36,44,8
1215,46,46,113,7
1216,72,72,42,27
1217,108,108,37,8
1218,8508,8508,1078,51
1219,494,494,104,11
1220,677,677,145,36
1221,390,390,99,11
1222,2502,2502,1092,41
1223,3101,3101,4848,5
1224,609,609,75,18
1225,2217,2217,1101,428
1226,1466,1466,715,141
1227,4533,4533,227,24
1228,8312,8312,1233,335
1229,5498,5498,1137,113
1230,1674,1674,705,11
1231,1216,1216,410,0
1232,5282,5282,1738,575
1233,2579,2579,1432,0
1234,998,998,87,16
1235,16432,16432,3442,243
1236,931,931,219,70
1237,85,85,53,39
1238,4589,4589,2202,140
1239,14525,14525,3504,10
1240,2906,2906,366,2
1241,1102,1102,436,9
1242,10243,10243,1882,4
1243,10694,10694,2894,26
1244,1961,1961,318,1
1245,1870,1870,833,42
1246,7547,7547,1811,1
1247,37496,37496,11699,80
1248,11991,11991,2885,3
1249,88,88,1724,0
1250,10144,10144,1638,4
1251,0,0,1,0
1252,2856,2856,755,5
1253,44943,44943,14118,54
1254,1372,1372,993,4
1255,459,459,52,3
1256,135,135,67,1
1257,904,904,173,63
1258,183,183,51024,618
1259,1630,1630,306,2
1260,687,687,160,15
1261,3451,3451,4103,90
1262,9913,9913,2324,169
1263,335,335,89,45
1264,1,1,125,0
1265,19132,19132,6741,2
1266,26259,26259,6859,2456
1267,1,1,3,0
1268,5241,5241,1063,4
1269,18780,18780,3322,27
1270,4256,4256,1232,40
1271,3191,3191,1237,73
1272,1548,1548,450,49
1273,10276,10276,4411,184
1274,1373,1373,476,99
1275,1600,1600,716,93
1276,516,516,69,39
1277,81,81,41,2
1278,226,226,70,22
1279,263,263,77,23
1280,244,244,85,0
1281,10663,10663,1466,235
1282,17693,17693,3123,127
1283,5742,5742,758,9
1284,797,797,95,0
1285,960,960,321,9
1286,282,282,100,1
1287,3205,3205,819,105
1288,1579,1579,276,27
1289,885,885,949,1
1290,3936,3936,448,48
1291,91005,91005,21987,5
1292,141,141,42,8
1293,13627,13627,1642,586
1294,728,728,94,20
1295,2607,2607,786,5
1296,14786,14786,3020,10
1297,18824,18824,6264,10
1298,7091,7091,3730,459
1299,4040,4040,1492,3
1300,16425,16425,3441,240
1301,3628,3628,2121,14
1302,358,358,146,22
1303,205,205,134,4
1304,1175,1175,328,28
1305,442,442,72,5
1306,601,601,204,10
1307,4289,4289,1333,12
1308,9543,9543,1410,30
1309,4426,4426,868,160
1310,1082,1082,431,79
1311,17627,17627,1222,22
1312,11,11,56,0
1313,743,743,221,24
1314,1106,1106,270,70
1315,760,760,109,6
1316,417,417,103,5
1317,10170,10170,2147,2
1318,1772,1772,286,8
1319,3787,3787,415,0
1320,4892,4892,654,107
1321,176,176,25,2
1322,48,48,10,0
1323,1406,1406,295,20
1324,7434,7434,2150,456
1325,234,234,41,3
1326,3,3,1,0
1327,450,450,71,4
1328,501,501,145,12
1329,3373,3373,504,24
1330,11127,11127,9403,319
1331,1825,1825,250,25
1332,6213,6213,758,3
1333,6750,6750,466,4
1334,2691,2691,257,8
1335,2,2,8,0
1336,780,780,305,15
1337,2069,2069,635,111
1338,2694,2694,1108,202
1339,1219,1219,214,0
1340,6917,6917,427,2
1341,3,3,2,0
1342,731,731,84,3
1343,245,245,94,7
1344,2505,2505,292,1
1345,637,637,95,2
1346,1212,1212,411,112
1347,1875,1875,401,29
1348,2553,2553,686,24
1349,5172,5172,1238,126
1350,761,761,283,2
1351,1999,1999,773,44
1352,7175,7175,1456,1
1353,606,606,236,12
1354,1251,1251,1016,13
1355,0,0,1,0
1356,2,2,5,0
1357,990,990,315,3
1358,3785,3785,1287,272
1359,16731,16731,4494,164
1360,717,717,1563,27
1361,14125,14125,3982,1315
1362,24462,24462,9875,3529
1363,2,2,2,0
1364,2467,2467,304,16
1365,862,862,570,10
1366,1,1,645,0
1367,3060,3060,455,59
1368,8347,8347,1787,115
1369,2089,2089,287,178
1370,3389,3389,909,20
1371,1817,1817,1211,1016
1372,3759,3759,9667,3031
1373,15642,15642,892,293
1374,790,790,486,55
1375,925,925,175,82
1376,8158,8158,1062,299
1377,6610,6610,846,3592
1378,3703,3703,402,207
1379,20056,20056,4286,363
1380,1160,1160,274,7
1381,4896,4896,339,87
1382,383,383,85,1
1383,7708,7708,884,23
1384,3144,3144,337,22
1385,8666,8666,735,44
1386,84,84,104,0
1387,1149,1149,1158,0
1388,24408,24408,5359,2
1389,3284,3284,667,47
1390,1942,1942,382,69
1391,206,206,42,6
1392,4442,4442,1119,127
1393,9535,9535,2121,177
1394,1826,1826,404,55
1395,5421,5421,1178,38
1396,90,90,26,0
1397,7112,7112,2412,186
1398,1,1,232,0
1399,34473,34473,6833,2609
1400,56946,56946,18340,166
1401,258,258,448,8
1402,6608,6608,440,53
1403,5232,5232,304,44
1404,5723,5723,596,59
1405,988,988,113,22
1406,6321,6321,822,250
1407,2940,2940,240,46
1408,955,955,180,25
1409,23646,23646,5556,12
1410,1574,1574,68123,1489
1411,34401,34401,9425,113
1412,3786,3786,278,10
1413,253,253,570,13
1414,132,132,37,31
1415,11541,11541,290,1
1416,1908,1908,132,5
1417,14965,14965,1001,27
1418,1566,1566,410,172
1419,651,651,289,13
1420,4452,4452,721,47
1421,1932,1932,728,14
1422,1066,1066,165,7
1423,372,372,79,3
1424,3395,3395,737,37
1425,4988,4988,771,206
1426,11148,11148,783,46
1427,4558,4558,813,111
1428,3573,3573,429,51
1429,10390,10390,5322,0
1430,17808,17808,1216,164
1431,3654,3654,426,5
1432,162196,162196,24548,490
1433,519,519,82,23
1434,2477,2477,398,62
1435,740,740,123,1
1436,4078,4078,558,151
1437,327,327,704,134
1438,109,109,95,905
1439,2124,2124,307,19
1440,8601,8601,1398,3
1441,374,374,94,6
1442,2626,2626,571,37
1443,9941,9941,1977,71
1444,1345,1345,443,73
1445,941,941,1003,12
1446,1780,1780,548,23
1447,5126,5126,1770,324
1448,4861,4861,574,46
1449,1148,1148,358,195
1450,1027,1027,356,17
1451,2403,2403,1202,1030
1452,7912,7912,602,447
1453,11261,11261,4977,1662
1454,1513,1513,375,53
1455,7733,7733,1008,31
1456,11682,11682,1031,26
1457,5510,5510,524,128
1458,2906,2906,1849,5
1459,13455,13455,2448,783
1460,11271,11271,2332,55
1461,476,476,197,2
1462,1024,1024,139,2
1463,5060,5060,379,85
1464,65540,65540,20209,140
1465,377,377,168,9
1466,3278,3278,1109,7
1467,17003,17003,8092,3
1468,13161,13161,3498,33
1469,20257,20257,3541,607
1470,28125,28125,2698,441
1471,27500,27500,5769,31
1472,260,260,84,8
1473,8046,8046,950,21
1474,1844,1844,363,13
1475,1304,1304,480,47
1476,9610,9610,1609,35
1477,4570,4570,753,69
1478,3196,3196,676,29
1479,5,5,8,0
1480,18047,18047,1756,5
1481,136,136,75,17
1482,6778,6778,1140,46
1483,1325,1325,146,11
1484,1359,1359,106,4
1485,11888,11888,3107,11
1486,3227,3227,1096,36
1487,18306,18306,5661,11
1488,13571,13571,3151,54
1489,6,6,12,1
1490,1857,1857,141,28
1491,1998,1998,120,6
1492,21,21,12,2
1493,3465,3465,215,19
1494,1248,1248,249,30
1495,474,474,52,0
1496,1560,1560,165,18
1497,9652,9652,3292,412
1498,27,27,17,2
1499,11186,11186,1673,916
1500,845,845,383,39
1501,2375,2375,726,115
1502,741,741,178,25
1503,1111,1111,118,3
1504,20433,20433,4782,150
1505,3141,3141,809,152
1506,8975,8975,1835,153
1507,4630,4630,584,10
1508,4563,4563,2319,306
1509,6847,6847,751,25
1510,2902,2902,714,4
1511,3655,3655,1102,70
1512,11346,11346,977,104
1513,1403,1403,678,335
1514,3667,3667,2227,333
1515,226,226,119,1
1516,4994,4994,1903,597
1517,701,701,426,42
1518,6702,6702,4492,410
1519,218,218,12,7
1520,58727,58727,18353,29
1521,1812,1812,729,49
1522,396,396,68,115
1523,50,50,764,2
1524,27025,27025,6066,246
1525,7993,7993,2675,155
1526,11204,11204,5271,307
1527,992,992,603,175
1528,22286,22286,3281,1008
1529,2947,2947,10523,2530
1530,793,793,319,138
1531,550,550,293,12
1532,603,603,213,13
1533,1368,1368,225,10
1534,414,414,73,3
1535,525,525,94,8
1536,344,344,67,5
1537,35,35,122,4
1538,758,758,50,1
1539,846,846,110,17
1540,4965,4965,1325,173
1541,12040,12040,5805,801
1542,0,0,6,17
1543,2295,2295,1197,52
1544,3191,3191,2465,599
1545,36725,36725,3863,761
1546,2787,2787,4027,869
1547,17428,17428,1438,67
1548,0,0,1,0
1549,959,959,136,44
1550,65180,65180,23212,2885
1551,5445,5445,1847,4
1552,29663,29663,5667,6560
1553,819,819,102,4
1554,910,910,248,52
1555,2725,2725,305,13
1556,148,148,17,0
1557,5859,5859,568,0
1558,53507,53507,7558,62
1559,2939,2939,150,17
1560,868,868,97,89
1561,20068,20068,2935,210
1562,160,160,611,2
1563,3503,3503,270,17
1564,1609,1609,244,28
1565,10543,10543,4266,108
1566,8922,8922,2303,300
1567,1083,1083,111,0
1568,1974,1974,315,41
1569,1331,1331,631,9
1570,5724,5724,1478,117
1571,29838,29838,6938,177
1572,40803,40803,13220,883
1573,19880,19880,2995,574
1574,73,73,28,21
1575,6105,6105,311,143
1576,30605,30605,6357,653
1577,613,613,258,14
1578,19313,19313,5038,0
1579,0,0,615,0
1580,168,168,137,4
1581,2964,2964,1297,208
1582,1306,1306,1165,46
1583,10116,10116,1093,170
1584,10245,10245,1910,1265
1585,2622,2622,574,134
1586,405,405,1980,0
1587,12629,12629,6802,522
1588,4932,4932,2735,18
1589,2262,2262,697,22
1590,4407,4407,1649,70
1591,5381,5381,1459,52
1592,26,26,21,0
1593,1356,1356,259,51
1594,6394,6394,1030,17
1595,304,304,165,0
1596,13,13,4062,0
1597,32152,32152,18766,43
1598,1675,1675,268,22
1599,1486,1486,238,1
1600,927,927,260,23
1601,2928,2928,295,0
1602,1022,1022,309,36
1603,379,379,106,7
1604,40,40,15,0
1605,2305,2305,643,10
1606,827,827,143,8
1607,15902,15902,6282,42
1608,7415,7415,541,10
1609,5775,5775,722,12
1610,6118,6118,858,4
1611,1538,1538,395,34
1612,830,830,343,21
1613,1649,1649,414,61
1614,2350,2350,586,0
1615,786,786,517,84
1616,1,1,14,0
1617,6681,6681,1639,109
1618,84,84,45,5
1619,7054,7054,900,96
1620,157,157,138,7
1621,13315,13315,1207,79
1622,12420,12420,3123,8
1623,8208,8208,1297,1
1624,3835,3835,847,89
1625,41731,41731,5126,132
1626,7388,7388,1557,203
1627,5775,5775,2118,504
1628,2421,2421,335,0
1629,659,659,283,10
1630,1380,1380,197,6
1631,5420,5420,1056,117
1632,6016,6016,5169,87
1633,627,627,309,5
1634,625,625,324,16
1635,7868,7868,491,100
1636,966,966,214,51
1637,2275,2275,412,40
1638,8527,8527,1311,9
1639,1375,1375,474,18
1640,7585,7585,1341,37
1641,4120,4120,1624,7
1642,5872,5872,499,65
1643,6479,6479,441,39
1644,6122,6122,2472,15
1645,3048,3048,277,62
1646,945,945,296,64
1647,10198,10198,4221,215
1648,5087,5087,3246,58
1649,43346,43346,4917,505
1650,3768,3768,528,25
1651,5,5,38,8
1652,4089,4089,550,0
1653,6851,6851,414,71
1654,2205,2205,282,29
1655,15603,15603,3503,48
1656,1719,1719,1156,53
1657,8783,8783,1307,5
1658,314,314,190,91
1659,819,819,174,4
1660,5630,5630,1855,28
1661,5971,5971,1869,18
1662,18827,18827,7488,235
1663,616,616,363,0
1664,23242,23242,8873,663
1665,348,348,116,1
1666,970,970,349,65
1667,425,425,92,4
1668,2699,2699,559,94
1669,11101,11101,2233,100
1670,10874,10874,1860,235
1671,1927,1927,1449,0
1672,7541,7541,2635,427
1673,6407,6407,2247,64
1674,26,26,31,0
1675,443,443,36,62
1676,1324,1324,315,54
1677,3852,3852,732,13
1678,9264,9264,1969,37
1679,8,8,14,1
1680,696,696,185,57
1681,837,837,78,31
1682,2354,2354,121,32
1683,12746,12746,2055,824
1684,847,847,171,0
1685,308,308,101,1
1686,43785,43785,34748,1747
1687,728,728,243,7
1688,1999,1999,672,54
1689,1540,1540,228,36
1690,79,79,16,0
1691,498,498,210,17
1692,6816,6816,2069,30
1693,11112,11112,2887,710
1694,3268,3268,3093,1
1695,612,612,236,41
1696,659,659,117,7
1697,22220,22220,5621,34
1698,27631,27631,4469,513
1699,20708,20708,5294,107
1700,51179,51179,14736,543
1701,7926,7926,2101,72
1702,3572,3572,386,351
1703,1194,1194,223,31
1704,1054,1054,136,18
1705,627,627,241,17
1706,10,20,30,0
1707,28512,28512,5674,48
1708,5221,5221,702,156
1709,347,347,121,1
1710,10966,10966,2195,182
1711,409,409,138,2
1712,6112,6112,1407,49
1713,2658,2658,531,85
1714,2720,2720,595,112
1715,3429,3429,423,54
1716,4895,4895,654,28
1717,2894,2894,1028,387
1718,6095,6095,1342,106
1719,14086,14086,1864,14
1720,2675,2675,331,46
1721,4668,4668,771,191
1722,7448,7448,1135,109
1723,11320,11320,1310,32
1724,76377,76377,26252,28
1725,2102,2102,870,5
1726,701,701,86,6
1727,1044,1044,241,8
1728,2376,2376,493,1
1729,5280,5280,2058,47
1730,3111,3111,878,152
1731,3074,3074,349,40
1732,5674,5674,705,120
1733,11539,11539,3242,50
1734,13209,13209,4718,0
1735,1172,1172,298,2
1736,5145,5145,4013,24
1737,10433,10433,4096,44
1738,10421,10421,4213,482
1739,51,51,23,1
1740,2347,2347,945,45
1741,2782,2782,1101,58
1742,427,427,60,23
1743,1970,1970,148,5
1744,1715,1715,253,50
1745,395,395,51,4
1746,4715,4715,563,82
1747,2010,2010,188,124
1748,251,251,72,6
1749,2678,2678,695,125
1750,2413,2413,559,0
1751,1974,1974,383,17
1752,2456,2456,223,28
1753,1325,1325,302,16
1754,648,648,126,19
1755,5541,5541,1472,202
1756,20867,20867,2043,45
1757,6277,6277,2592,29
1758,34113,34113,3982,656
1759,33007,33007,2765,770
1760,26345,26345,3839,3734
1761,223,223,718,54
1762,4723,4723,845,139
1763,61,61,242,1
1764,8805,8805,2578,395
1765,2750,2750,492,32
1766,1687,1687,214,2
1767,586,586,166,2
1768,2499,2499,219,0
1769,726,726,116,12
1770,559,559,77,1
1771,11317,11317,2705,264
1772,4,4,1439,0
1773,1187,1187,285,178
1774,1850,1850,119,102
1775,4370,4370,434,401
1776,16199,16199,2848,203
1777,4338,4338,784,68
1778,19410,19410,5824,1
1779,1836,1836,556,283
1780,2,2,2,1
1781,17834,17834,1988,657
1782,15301,15301,1527,134
1783,18017,18017,3221,293
1784,14932,14932,3044,242
1785,1033,1033,326,3
1786,14277,14277,3470,268
1787,15341,15341,2825,304
1788,335,335,101,3
1789,682,682,190,6
1790,137,137,71,82
1791,7835,7835,1246,15
1792,830,830,170,28
1793,4585,4585,1077,4
1794,36532,36532,24524,1126
1795,6205,6205,361,14
1796,628,628,159,28
1797,10759,10759,1451,1
1798,78,78,21,12
1799,319,319,297,143
1800,1452,1452,646,68
1801,12005,12005,1538,164
1802,13278,13278,1552,9
1803,10677,10677,831,0
1804,2942,2942,1007,426
1805,1111,1111,219,38
1806,5082,5082,497,163
1807,1934,1934,692,23
1808,3287,3287,1223,44
1809,3557,3557,576,199
1810,3192,3192,1293,38
1811,365,365,205,24
1812,148,148,179,0
1813,2965,2965,1031,3
1814,3390,3390,194,13
1815,6695,6695,4545,64
1816,858,858,322,18
1817,5401,5401,658,41
1818,11,11,1,0
1819,2141,2141,1619,54
1820,4721,4721,278,12
1821,27258,27258,2254,85
1822,11748,11748,2870,17
1823,633,633,182,14
1824,1765,1765,1268,0
1825,14851,14851,1279,499
1826,15,15,212,0
1827,3260,3260,444,21
1828,352,352,56,1
1829,915,915,162,14
1830,1187,1187,659,88
1831,59,59,17,1
1832,4649,4649,1913,53
1833,1222,1222,963,128
1834,4349,4349,1611,224
1835,917,917,308,4
1836,1,1,1,0
1837,7297,7297,2134,298
1838,35396,35396,4081,799
1839,1153,1153,340,17
1840,576,576,89,0
1841,4708,4708,706,7
1842,7427,7427,2489,340
1843,4948,4948,2049,74
1844,3905,3905,1251,3
1845,652,652,112,1
1846,1395,1395,437,70
1847,82,82,32807,280
1848,1446,1446,763,23
1849,572,572,231,1
1850,2106,2106,702,37
1851,659,659,230,5
1852,895,895,147,14
1853,24395,24395,8471,32
1854,1865,1865,338,0
1855,3282,3282,1151,3
1856,39,39,8,1
1857,29929,29929,2156,65
1858,660,660,1330,22
1859,16744,16744,4416,823
1860,3469,3469,2224,83
1861,1086,1086,312,35
1862,6206,6206,2420,388
1863,2227,2227,596,16
1864,478,478,141,13
1865,106,106,8,0
1866,1420,1420,186,5
1867,995,995,136,77
1868,3471,3471,449,7
1869,4681,4681,350,495
1870,8133,8133,967,34
1871,5351,5351,887,15
1872,4001,4001,917,39
1873,1695,1695,338,68
1874,4556,4556,1150,24
1875,552,552,187,25
1876,3486,3486,900,93
1877,1969,1969,281,42
1878,1423,1423,364,78
1879,1182,1182,295,27
1880,514,514,79,15
1881,2250,2250,214,91
1882,1403,1403,335,259
1883,3164,3164,701,70
1884,5187,5187,835,394
1885,6,6,1,0
1886,44123,44123,6673,5567
1887,10936,10936,1971,54
1888,12787,12787,1742,14
1889,1240,1240,91,2
1890,460,460,48,3
1891,7891,7891,994,32
1892,311,311,292,12
1893,7887,7887,1019,81
1894,7199,7199,3668,10
1895,196,196,52,2
1896,19141,19141,1764,50
1897,707,707,265,5
1898,3730,3730,2761,21
1899,11957,11957,3034,2062
1900,28,28,10,0
1901,1438,1438,187,58
1902,9291,9291,2196,380
1903,4719,4719,852,4
1904,3993,3993,514,28
1905,686,686,185,8
1906,4008,4008,443,48
1907,5583,5583,589,33
1908,45,45,15,2
1909,10301,10301,2207,363
1910,446,446,235,6
1911,2996,2996,433,179
1912,2645,2645,774,34
1913,1200,1200,105,30
1914,582,582,257,42
1915,1,1,5,0
1916,5158,5158,888,30
1917,798,798,155,16
1918,431,431,52,8
1919,4681,4681,579,35
1920,5016,5016,3248,641
1921,5404,5404,1437,2
1922,4065,4065,515,9
1923,12819,12819,4377,4
1924,5795,5795,217,67
1925,3137,3137,1290,677
1926,11691,11691,1181,316
1927,5480,5480,779,35
1928,2581,2581,552,0
1929,3453,3453,2363,96
1930,4118,4118,381,0
1931,140256,140256,68672,383
1932,1010,1010,379,62
1933,1025,1025,1577,2
1934,1113,1113,236,12
1935,98032,98032,31925,35
1936,4550,4550,378,0
1937,3047,3047,1082,17
1938,10602,10602,1502,24
1939,886,886,588,19
1940,373,373,222,7
1941,1346,1346,292,55
1942,701,701,126,33
1943,1186,1186,273,44
1944,2683,2683,1165,94
1945,645,645,279,5
1946,431,431,298,103
1947,574,574,150,265
1948,8944,8944,906,4
1949,220,220,34,0
1950,3325,3325,1834,5
1951,1561,1561,386,19
1952,4032,4032,646,40
1953,3711,3711,1344,5
1954,1339,1339,306,25
1955,159,159,100,8
1956,491,491,407,112
1957,543,543,145,10
1958,131,131,27,4
1959,1117,1117,215,6
1960,325,325,108,13
1961,5441,5441,1118,872
1962,3096,3096,2766,163
1963,0,0,1665,0
1964,3496,3496,948,0
1965,1805,1805,450,104
1966,325,325,92,17
1967,6896,6896,1140,68
1968,607,607,160,15
1969,6990,6990,1672,32
1970,228,228,24,0
1971,2608,2608,425,78
1972,1,1,1,0
1973,1,1,1,0
1974,579,579,241,0
1975,91721,91721,15714,148
1976,3868,3868,271,43
1977,1315,1315,204,116
1978,1829,1829,1066,98
1979,6220,6220,2011,683
1980,1123,1123,255,4
1981,2342,2342,183,87
1982,4948,4948,441,398
1983,24002,24002,4309,0
1984,147268,147268,28468,540
1985,25588,25588,6023,479
1986,193,193,58,24
1987,4730,4730,762,88
1988,527,527,129,16
1989,33863,33863,4820,10
1990,576,576,162,7
1991,4546,4546,932,12
1992,13658,13658,2565,64
1993,8844,8844,342,14
1994,7791,7791,843,87
1995,6424,6424,12560,508
1996,683,683,129,95
1997,1011,1011,137,15
1998,180,180,56,42
1999,4211,4211,285,0
2000,1883,1883,828,111
2001,941,941,264,167
2002,890,890,254,30
2003,365,365,88,0
2004,1629,1629,131,20
2005,1108,1108,120,0
2006,3887,3887,1435,37
2007,11,11,2,0
2008,5340,5340,826,197
2009,8895,8895,1691,17
2010,4529,4529,2313,89
2011,229,229,42,5
2012,1218,1218,122,5
2013,1070,1070,265,37
2014,149,149,215,17
2015,510,510,212,97
2016,7,7,16,0
2017,1161,1161,395,1
2018,5789,5789,1128,13
2019,19547,19547,1400,14
2020,717,717,143,4
2021,4985,4985,1804,317
2022,240,240,164,4
2023,309,309,93,0
2024,1306,1306,164,14
2025,6805,6805,730,72
2026,2025,2025,603,57
2027,2205,2205,150,20
2028,328,328,133,28
2029,887,887,282,59
2030,25747,25747,9376,362
2031,3442,3442,972,35
2032,4007,4007,719,63
2033,24195,24195,4458,79
2034,1859,1859,2753,9
2035,7573,7573,1885,578
2036,2947,2947,366,9
2037,2915,2915,265,49
2038,102,102,10,1
2039,7284,7284,603,118
2040,8141,8141,1302,485
2041,6496,6496,1063,45
2042,824,824,195,58
2043,1958,1958,293,92
2044,593,593,165,6
2045,2786,2786,437,45
2046,85,85,30,0
2047,1628,1628,6696,8
2048,1649,1649,271,50
2049,1385,1385,232,131
2050,3869,3869,967,264
2051,263,263,45,7
2052,3022,3022,375,80
2053,5090,5090,420,60
2054,10161,10161,823,314
2055,16487,16487,2918,877
2056,30593,30593,4317,1010
2057,105,105,60,14
2058,865,865,440,60
2059,87,87,386,7
2060,5173,5173,337,1
2061,21428,21428,4213,328
2062,4828,4828,3408,92
2063,634,634,956,25
2064,1390,1390,388,54
2065,1950,1950,263,257
2066,4977,4977,687,136
2067,12374,12374,3696,580
2068,10774,10774,5182,35
2069,3062,3062,1414,118
2070,1482,1482,65,1
2071,2642,2642,909,251
2072,6968,6968,1583,15
2073,520,520,266,191
2074,5159,5159,2639,109
2075,18988,18988,5255,7
2076,15317,15317,6193,61
2077,9815,9815,1079,25
2078,47345,47345,2231,421
2079,310187,310187,23955,228
2080,2878,2878,839,6
2081,14329,14329,2970,170
2082,8382,8382,4957,73
2083,1212,1212,129,34
2084,700,700,167,29
2085,138,138,38,5
2086,2148,2148,489,115
2087,7728,7728,1019,32
2088,1889,1889,644,129
2089,922,922,194,24
2090,2605,2605,1402,348
2091,29559,29559,18860,46
2092,120132,120132,24132,109
2093,294,294,398,10
2094,3,3,2,1
2095,101,101,52,2
2096,4511,4511,318,34
2097,1892,1892,779,19
2098,6,6,8,11
2099,2185,2185,644,41
2100,138,138,289,14
2101,41061,41061,11104,1008
2102,8681,8681,1572,66
2103,641,641,151,1
2104,11,11,8,0
2105,144,144,40,1
2106,4626,4626,616,65
2107,2131,2131,629,0
2108,231,231,36,47
2109,8778,8778,1835,270
2110,11081,11081,1614,464
2111,17364,17364,4314,108
2112,146,146,99,32
2113,28,28,42,9
2114,2,2,32,0
2115,20,20,9,0
2116,1,1,2,0
2117,4522,4522,762,296
2118,886,886,374,276
2119,560,560,190,34
2120,528,528,50,90
2121,0,0,2,0
2122,14157,14157,2223,279
2123,7643,7643,1188,25
2124,637,637,167,24
2125,293,293,69,5
2126,2,2,1,2
2127,781,781,409,0
2128,2434,2434,436,114
2129,1763,1763,329,10
2130,3692,3692,969,24
2131,2283,2283,1228,47
2132,2136,2136,287,74
2133,1811,1811,941,30
2134,6206,6206,2034,378
2135,3284,3284,216,26
2136,3328,3328,1144,219
2137,195,195,159,16
2138,0,0,80,6
2139,7986,7986,532,416
2140,10628,10628,1222,129
2141,2592,2592,984,49
2142,1968,1968,479,3
2143,201,201,50,1
2144,518,518,57,4
2145,642,642,169,46
2146,1215,1215,188,15
2147,3683,3683,398,107
2148,2,2,833,1
2149,949,949,189,29
2150,6390,6390,10840,15
2151,36750,36750,7996,87
2152,747,747,113,9
2153,506,506,101,0
2154,35081,35081,2736,110
2155,903,903,529,34
2156,19837,19837,2921,58
2157,10363,10363,3517,200
2158,4510,4510,1124,61
2159,66,66,36,3
2160,9936,9936,25682,2822
2161,6631,6631,579,9
2162,310205,310205,23960,229
2163,38,38,25,3
2164,11,11,9,8
2165,13928,13928,2743,18
2166,992,992,72,6
2167,6179,6179,1575,20
2168,790,790,475,85
2169,2277,2277,122,25
2170,16845,16845,1510,467
2171,9147,9147,440,237
2172,4080,4080,2445,104
2173,2199,2199,580,43
2174,1211,1211,248,15
2175,122,122,129,41
2176,7645,7645,1080,125
2177,2751,2751,564,71
2178,5421,5421,677,9
2179,3747,3747,823,70
2180,1334,1334,337,51
2181,2508,2508,737,127
2182,413,413,111,0
2183,14771,14771,2176,72
2184,13810,13810,2345,86
2185,3704,3704,1278,31
2186,3967,3967,1304,0
2187,0,0,145,0
2188,1151,1151,169,9
2189,1208,1208,168,6
2190,1455,1455,278,23
2191,7907,7907,2231,0
2192,9951,9951,996,2731
2193,5650,5650,437,1
2194,1280,1280,66,7
2195,45,45,9,2
2196,111,111,188,31
2197,584,584,123,65
2198,1906,1906,531,86
2199,2,2,6,0
2200,5411,5411,622,10
2201,481,481,146,13
2202,5231,5231,418,13
2203,485,485,214,37
2204,25715,25715,6417,935
2205,7776,7776,2246,43
2206,1902,1902,446,1
2207,257,257,287,33
2208,1006,1006,136,42
2209,1057,1057,355,13
2210,2273,2273,1178,139
2211,11616,11616,3385,199
2212,8606,8606,963,0
2213,4462,4462,486,141
2214,17096,17096,4961,239
2215,1876,1876,366,0
2216,2178,2178,396,55
2217,375,375,60,0
2218,157,157,48,7
2219,2751,2751,202,16
2220,6033,6033,1129,61
2221,2883,2883,466,63
2222,1147,1147,320,98
2223,14,14,2928,1
2224,2965,2965,1518,166
2225,1448,1448,329,58
2226,1873,1873,394,70
2227,2325,2325,1801,207
2228,8236,8236,1368,48
2229,893,893,266,22
2230,22578,22578,5611,545
2231,7855,7855,2198,71
2232,1264,1264,1119,4
2233,11582,11582,1646,193
2234,113,113,132,0
2235,96,96,84,39
2236,3561,3561,912,196
2237,555,555,131,0
2238,533,533,234,3
2239,1,1,3,0
2240,22593,22593,5547,21
2241,30,30,13,0
2242,566,566,210,2
2243,0,0,1,0
2244,18661,18661,2047,236
2245,7186,7186,2908,61
2246,8308,8308,1710,262
2247,535,535,104,64
2248,54,54,10,0
2249,1666,1666,704,92
2250,2443,2443,171,6
2251,1014,1014,163,18
2252,2047,2047,353,89
2253,734,734,131,9
2254,5130,5130,901,17
2255,30628,30628,8128,45
2256,1,1,0,8
2257,7652,7652,2212,1293
2258,3176,3176,1626,26
2259,3368,3368,1811,58
2260,3,3,611,0
2261,2674,2674,402,22
2262,6659,6659,3575,47
2263,3,3,880,0
2264,6610,6610,1468,330
2265,292,292,72,2
2266,544,544,65,11
2267,4703,4703,1099,331
2268,3154,3154,622,1
2269,697,697,325,21
2270,122,122,27,1
2271,555,555,100,4
2272,791,791,125,7
2273,1474,1474,210,68
2274,37,37,15,1
2275,4486,4486,730,23
2276,164,164,49,2
2277,610,610,226,34
2278,4076,4076,984,60
2279,473,473,233,23
2280,1720,1720,501,25
2281,186,186,41,1
2282,4906,4906,1638,174
2283,9076,9076,1621,442
2284,2184,2184,377,6
2285,753,753,217,58
2286,22,22,12,0
2287,47727,47727,5042,998
2288,9442,9442,4521,183
2289,11640,11640,4380,0
2290,82213,82213,11010,1140
2291,78,78,34,11
2292,413,413,124,2
2293,3299,3299,1377,41
2294,766,766,535,3
2295,2189,2189,1128,60
2296,3196,3196,1597,63
2297,11733,11733,2703,370
2298,1616,1616,520,11
2299,420,420,66,23
2300,2392,2392,455,64
2301,465,465,125,0
2302,2639,2639,828,87
2303,577,577,138,79
2304,16,16,10,1
2305,1458,1458,442,21
2306,598,598,524,0
2307,1525,1525,593,69
2308,378,378,518,128
2309,2526,2526,601,57
2310,5619,5619,459,115
2311,4944,4944,2711,235
2312,8945,8945,603,244
2313,1,1,2,0
2314,2143,2143,575,31
2315,109,109,193,39
2316,4865,4865,380,39
2317,1013,1013,180,22
2318,15,15,7,1
2319,1504,1504,394,20
2320,742,742,389,21
2321,418,418,80,68
2322,3808,3808,1255,1
2323,36,36,12,14
2324,23289,23289,1319,13
2325,772,772,301,30
2326,275,275,20,0
2327,8937,8937,904,0
2328,2864,2864,1701,2
2329,2145,2145,1036,4
2330,3062,3062,1134,159
2331,13328,13328,4383,428
2332,10133,10133,1854,118
2333,1184,1184,865,188
2334,62601,62601,10646,5246
2335,65,65,17,1
2336,93,93,7,2
2337,3,3,2,0
2338,215,215,44,2
2339,239,239,36,3
2340,48192,48192,10289,382
2341,0,0,1,0
2342,168,168,238,12
2343,10520,10520,945,73
2344,829,829,182,56
2345,163,163,31,3
2346,18931,18931,3249,628
2347,170,170,58,16
2348,1270,1270,122,0
2349,430,430,33,3
2350,2440,2440,478,0
2351,813,813,129,0
2352,2850,2850,743,0
2353,49953,49953,13429,22
2354,7495,7495,1607,56
2355,5151,5151,1326,4
2356,19718,19718,6048,43
2357,10,20,10,0
2358,7649,7649,1718,34
2359,2233,2233,611,22
2360,7807,7807,3755,17
2361,143,143,13,1
2362,389,389,188,0
2363,103,103,415,1
2364,2012,2012,557,0
2365,19,19,21,17
2366,18157,18157,3556,5
2367,4180,4180,1191,308
2368,8448,8448,1822,184
2369,19030,19030,5173,204
2370,1174,1174,347,112
2371,4259,4259,391,16
2372,375,375,152,39
2373,1634,1634,248,228
2374,16040,16040,3439,505
2375,36,36,36,0
2376,5872,5872,1040,45
2377,307,307,120,26
2378,4339,4339,1971,20
2379,319,319,278,8
2380,21,21,9,5
2381,10,10,5,8
2382,1951,1951,728,126
2383,43,43,30,1
2384,1469,1469,803,144
2385,8412,8412,1520,90
2386,20746,20746,3559,1580
2387,9480,9480,2161,701
2388,10012,10012,2760,469
2389,1,1,116,71
2390,19162,19162,1910,246
2391,1246,1246,454,43
2392,6703,6703,967,76
2393,3087,3087,1030,50
2394,2596,2596,384,34
2395,6272,6272,539,140
2396,70,70,79,7
2397,41,41,28,1
2398,3070,3070,534,319
2399,2695,2695,1109,202
2400,431,431,151,122
2401,4098,4098,3042,48
2402,6160,6160,2093,20
2403,7044,7044,1610,9
2404,18245,18245,1463,182
2405,9674,9674,1584,1403
2406,3435,3435,252,46
2407,861,861,286,6
2408,963,963,966,15
2409,3832,3832,406,13
2410,2061,2061,448,3
2411,1844,1844,693,29
2412,12963,12963,3242,9
2413,5369,5369,1814,257
2414,184,184,37,26
2415,115,115,424,0
2416,112,112,395,0
2417,310,310,115,9
2418,4246,4246,1866,56
2419,363,363,1522,91
2420,6955,6955,1704,19
2421,958,958,222,31
2422,411,411,152,3
2423,19030,19030,2658,3
2424,502,502,211,4
2425,6501,6501,5568,368
2426,13096,13096,4296,52
2427,12965,12965,923,303
2428,6074,6074,704,26
2429,6434,6434,3476,8
2430,10813,10813,2917,5
2431,3093,3093,522,725
2432,275,275,278,6
2433,13183,13183,3007,109
2434,24487,24487,2899,190
2435,94946,94946,14728,4818
2436,4850,4850,849,361
2437,5282,5282,918,41
2438,1937,1937,563,37
2439,2,2,1,0
2440,3506,3506,1172,243
2441,1309,1309,386,4
2442,190,190,92,8
2443,178,178,75,1
2444,474,474,113,10
2445,44440,44440,4842,101
2446,1895,1895,398,155
2447,1644,1644,445,9
2448,26,26,10,0
2449,4908,4908,480,0
2450,1077,1077,269,6
2451,16675,16675,3636,15
2452,6217,6217,1713,107
2453,1020,1020,476,118
2454,11604,11604,2560,392
2455,18345,18345,1108,21
2456,749,749,202,11
2457,784,784,54,1
2458,20930,20930,7001,1733
2459,5023,5023,758,81
2460,4,4,4000,2
2461,776,776,511,1
2462,2611,2611,587,17
2463,111,111,67,2
2464,426,426,299,4
2465,7549,7549,1855,234
2466,57,57,79,77
2467,2143,2143,477,3
2468,9392,9392,1712,57
2469,59,59,74,1
2470,64,64,515,2
2471,1110,1110,196,60
2472,275,275,114,13
2473,3237,3237,1041,68
2474,2181,2181,473,11
2475,4789,4789,1187,108
2476,162,162,61,42
2477,424,424,179,20
2478,338,338,56,18
2479,4,4,112,0
2480,1726,1726,448,46
2481,249,249,69,10
2482,3036,3036,228,34
2483,865,865,285,30
2484,225,225,87,19
2485,945,945,385,72
2486,7750,7750,1015,152
2487,5,5,19,0
2488,1362,1362,643,67
2489,2972,2972,144,69
2490,0,0,1,0
2491,825,825,139,33
2492,1048,1048,337,15
2493,15375,15375,3189,100
2494,7457,7457,3169,12
2495,2553,2553,1294,9
2496,1484,1484,371,158
2497,6290,6290,2861,107
2498,3328,3328,617,21
2499,29042,29042,4699,17
2500,6831,6831,1110,5
2501,23081,23081,3782,127
2502,9077,9077,2527,3
2503,8335,8335,2558,80
2504,3,3,4,3
2505,3583,3583,469,17
2506,2403,2403,668,0
2507,5215,5215,1155,20
2508,866,866,373,18
2509,1343,1343,212,25
2510,519,519,132,1
2511,1366,1366,543,14
2512,3180,3180,983,83
2513,309,309,11969,31
2514,452,452,151,2
2515,299,299,61,2
2516,1305,1305,276,3
2517,5397,5397,501,0
2518,9253,9253,573,13
2519,67,67,24,0
2520,2756,2756,896,65
2521,309,309,83,3
2522,455,455,374,66
2523,890,890,669,98
2524,11141,11141,1246,252
2525,19433,19433,10502,100
2526,3817,3817,1062,211
2527,835,835,232,25
2528,1142,1142,484,4
2529,484,484,261,3
2530,555,555,167,4
2531,3459,3459,454,40
2532,948,948,205,7
2533,3087,3087,2975,434
2534,20593,20593,2782,308
2535,18037,18037,7909,96
2536,969,969,95,11
2537,145,145,55,6
2538,1089,1089,205,2
2539,11260,11260,1041,33
2540,396,396,54,6
2541,1271,1271,375,78
2542,157,157,45,0
2543,3217,3217,1021,58
2544,22043,22043,2794,76
2545,2964,2964,390,73
2546,559,559,159,113
2547,9117,9117,521,13
2548,87,87,32,3
2549,14140,14140,4655,98
2550,1420,1420,327,11
2551,369,369,55,5
2552,186,186,55,3
2553,586,586,173,23
2554,1000,1000,169,5
2555,1315,1315,231,33
2556,1179,1179,257,115
2557,58,58,22,1
2558,694,694,87,42
2559,210,210,124,3
2560,7321,7321,1052,1
2561,21752,21752,1370,245
2562,46336,46336,1819,233
2563,5104,5104,868,63
2564,199,199,40,2
2565,238,238,110,67
2566,1213,1213,491,1
2567,16,16,3,4
2568,8135,8135,4624,3
2569,99,99,18,1
2570,29287,29287,4279,21
2571,112,112,54,20
2572,148,148,44,5
2573,3987,3987,396,317
2574,326,326,48,12
2575,28403,28403,3504,12
2576,2743,2743,479,39
2577,9787,9787,2028,128
2578,10381,10381,3064,2332
2579,0,0,88,0
2580,1965,1965,907,56
2581,1189,1189,155,20
2582,777,777,220,0
2583,593,593,1789,72
2584,615,615,289,1
2585,1061,1061,272,8
2586,1612,1612,291,15
2587,728,728,123,16
2588,889,889,935,0
2589,372,372,160,21
2590,120,120,49,2
2591,3098,3098,636,60
2592,2994,2994,782,126
2593,4504,4504,1418,36
2594,10793,10793,2863,61
2595,9129,9129,3054,306
2596,2132,2132,771,15
2597,1075,1075,196,24
2598,1079,1079,23923,3
2599,541,541,135,0
2600,109,109,61,56
2601,43771,43771,6571,533
2602,261,261,163,13
2603,1848,1848,703,34
2604,182,182,88,32
2605,1511,1511,128,5
2606,857,857,114,2
2607,1620,1620,758,53
2608,39,39,61,2
2609,744,744,86,0
2610,22800,22800,1526,115
2611,12354,12354,2885,5
2612,7426,7426,1021,755
2613,2405,2405,1144,463
2614,860,860,451,10
2615,12259,12259,3066,7
2616,579,579,215,16
2617,8230,8230,1453,97
2618,447,447,279,3
2619,8820,8820,2330,217
2620,634,634,168,1
2621,338,338,153,8
2622,514,514,242,11
2623,416,416,71,7
2624,77,77,19,2
2625,1688,1688,491,5
2626,3108,3108,1474,28
2627,110046,110046,32137,48
2628,1910,1910,261,127
2629,446,446,13,0
2630,70,70,4,0
2631,4954,4954,1519,17
2632,16712,16712,3063,146
2633,98,98,29,0
2634,96,96,16,4
2635,538,538,235,59
2636,2651,2651,1173,26
2637,1997,1997,787,46
2638,4933,4933,492,389
2639,942,942,771,352
2640,1494,1494,579,66
2641,18,18,14,0
2642,928,928,770,0
2643,7506,7506,1233,1
2644,18576,18576,4023,3
2645,8485,8485,3360,1
2646,34560,34560,6231,35
2647,2432,2432,412,72
2648,4434,4434,2873,16
2649,4353,4353,475,105
2650,1031,1031,250,71
2651,7513,7513,3036,315
2652,2,2,2,0
2653,301,301,196,5
2654,1669,1669,489,44
2655,15187,15187,3837,70
2656,6,6,10,1
2657,237,237,43,0
2658,4100,4100,779,8
2659,3086,3086,1030,50
2660,169,169,61,2
2661,1147,1147,128,8
2662,12801,12801,3419,18
2663,8193,8193,1933,6
2664,11700,11700,2537,1
2665,480,480,220,2
2666,67,67,22184,2254
2667,615,615,240,8
2668,1072,1072,173,24
2669,7682,7682,943,47
2670,0,0,10,0
2671,1409,1409,199,120
2672,6715,6715,2038,4
2673,792,792,116,4
2674,342,342,208,20
2675,215,215,571,42
2676,7330,7330,1091,226
2677,612,612,87,32
2678,4956,4956,1212,146
2679,8790,8790,3184,186
2680,55,55,224,1
2681,2356,2356,545,119
2682,668,668,171,23
2683,851,851,157,12
2684,1542,1542,1034,91
2685,363,363,134,13
2686,416,416,191,18
2687,560,560,315,32
2688,11810,11810,2003,17
2689,425,425,57,1
2690,55,55,11,0
2691,5138,5138,1476,1
2692,147,147,31,10
2693,9506,9506,962,622
2694,5914,5914,967,4
2695,1149,1149,784,41
2696,1,1,3,0
2697,1,1,173,0
2698,5218,5218,3673,83
2699,48997,48997,15629,55
2700,17888,17888,5434,4
2701,4573,4573,1135,188
2702,3365,3365,409,101
2703,216,216,64,16
2704,16159,16159,2191,51
2705,12441,12441,2046,33
2706,20656,20656,4438,129
2707,9267,9267,2505,6
2708,3288,3288,1400,52
2709,1040,1040,434,58
2710,1026,1026,199,84
2711,8047,8047,1639,240
2712,2472,2472,295,191
2713,29923,29923,6419,14
2714,318,318,85,17
2715,77,77,89,10
2716,4211,4211,583,36
2717,97,97,22,8
2718,810,810,641,11
2719,1516,1516,463,162
2720,2633,2633,345,44
2721,162,162,476,1
2722,4,4,4,0
2723,27,27,27,1
2724,1309,1309,734,44
2725,4317,4317,638,5
2726,3876,3876,2470,0
2727,27497,27497,2686,39
2728,24440,24440,6202,28
2729,3626,3626,679,21
2730,171,171,52,2
2731,1827,1827,608,45
2732,4028,4028,672,57
2733,40,40,39,7
2734,30156,30156,3891,161
2735,8596,8596,816,14
2736,143,143,1340,62
2737,2077,2077,1715,14
2738,40157,40157,8093,48
2739,546,546,103,22
2740,1914,1914,344,73
2741,3875,3875,1167,46
2742,3394,3394,2347,27
2743,4622,4622,349,33
2744,1894,1894,1365,0
2745,2732,2732,594,2
2746,8744,8744,1438,748
2747,5880,5880,1155,288
2748,1187,1187,1187,319
2749,377,377,46,4
2750,127,127,20,11
2751,257,257,193,54
2752,11034,11034,696,481
2753,2150,2150,429,4
2754,30,30,6,1
2755,7116,7116,1493,30
2756,4450,4450,516,121
2757,3227,3227,547,15
2758,891,891,521,52
2759,217,217,56,1
2760,1320,1320,355,7
2761,12843,12843,2161,774
2762,18909,18909,2260,742
2763,14834,14834,1451,11
2764,9241,9241,1707,58
2765,314,314,59,12
2766,31710,31710,4389,31
2767,769,769,60,10
2768,18175,18175,2217,158
2769,748,748,887,90
2770,429,429,209,13
2771,2648,2648,735,2
2772,753,753,144,77
2773,1789,1789,356,2
2774,1461,1461,277,3
2775,414,414,120,4
2776,5049,5049,3334,35
2777,3231,3231,789,1
2778,54,54,39,0
2779,3597,3597,1556,250
2780,10202,10202,109584,14809
2781,2336,2336,286,108
2782,241,241,554,4
2783,72,72,48,0
2784,532,532,177,40
2785,2,2,3,1
2786,0,0,2,0
2787,4740,4740,1219,117
2788,89,89,40,5
2789,8808,8808,1170,57
2790,499,499,158,9
2791,141,141,33,1
2792,10694,10694,2340,183
2793,31192,31192,3717,58
2794,3006,3006,414,83
2795,5310,5310,1355,78
2796,4670,4670,1364,302
2797,22,22,397,411
2798,270,270,118,3
2799,702,702,232,8
2800,1679,1679,271,173
2801,13,13,2,0
2802,4637,4637,572,0
2803,75,75,30,9
2804,5283,5283,1710,0
2805,9265,9265,33704,38
2806,5857,5857,1600,17
2807,11415,11415,2536,131
2808,363,363,46,1
2809,1296,1296,172,17
2810,736,736,255,6
2811,4220,4220,1083,205
2812,407,407,154,24
2813,2855,2855,910,191
2814,1615,1615,347,55
2815,289,289,486,32
2816,509,509,74,1
2817,71,71,78,1
2818,468,468,86,12
2819,1340,1340,677,120
2820,32,32,87,1
2821,6377,6377,475,136
2822,3923,3923,594,2
2823,23,23,2,0
2824,2,2,1,0
2825,1069,1069,399,185
2826,7167,7167,900,15
2827,1319,1319,418,11
2828,75,75,548,5
2829,30325,30325,7142,611
2830,1102,1102,148,0
2831,24426,24426,5157,9
2832,18987,18987,6975,67
2833,3592,3592,2657,51
2834,670,670,159,0
2835,404,404,85,2
2836,641,641,130,12
2837,436,436,66,10
2838,3003,3003,1108,144
2839,1191,1191,564,159
2840,7022,7022,1651,149
2841,823,823,294,8
2842,770,770,522,5
2843,2505,2505,595,28
2844,15270,15270,1966,46
2845,3102,3102,698,86
2846,251,251,49,9
2847,28624,28624,4583,35
2848,6,6,27,0
2849,158,158,19,1
2850,198,198,47,23
2851,324,324,257,31
2852,4,4,1,0
2853,248,248,91,66
2854,671,671,246,2
2855,2713,2713,595,1
2856,3822,3822,408,3
2857,390,390,262,6
2858,594,594,235,122
2859,5,5,12,0
2860,152,152,1825,3
2861,1171,1171,3464,23
2862,14713,14713,3603,57
2863,5236,5236,1782,1
2864,14902,14902,3209,925
2865,15879,15879,4522,14
2866,23209,23209,11013,406
2867,6508,6508,507,219
2868,0,0,66,0
2869,3550,3550,561,46
2870,6221,6221,896,5
2871,18725,18725,2648,768
2872,4585,4585,686,180
2873,224,224,54,7
2874,3825,3825,2601,381
2875,3257,3257,866,9
2876,1425,1425,373,6
2877,746,746,97,13
2878,450,450,67,34
2879,17,17,17,0
2880,0,0,1,0
2881,16165,16165,6484,13
2882,3548,3548,2240,34
2883,1,1,189,1
2884,40,40,21,11
2885,2612,2612,840,42
2886,3297,3297,851,165
2887,2736,2736,432,68
2888,4485,4485,1335,156
2889,307,307,100,4
2890,7399,7399,1921,314
2891,2399,2399,549,102
2892,1838,1838,397,64
2893,1056,1056,833,6
2894,21,21,242,0
2895,6386,6386,1014,82
2896,881,881,290,1
2897,4776,4776,1183,4
2898,1217,1217,336,93
2899,813,813,116,1
2900,692,692,225,24
2901,37745,37745,6256,64
2902,13501,13501,1810,153
2903,2187,2187,607,0
2904,23,23,13,5
2905,513,513,69,9
2906,7151,7151,10060,720
2907,2716,2716,331,9
2908,382,382,80,27
2909,0,0,45,2
2910,871,871,170,6
2911,188,188,127,3
2912,261,261,150,6
2913,510,510,246,18
2914,7333,7333,1491,195
2915,16456,16456,6339,420
2916,2080,2080,472,72
2917,3094,3094,627,121
2918,598,598,1609,6
2919,3847,3847,921,64
2920,443,443,285,1
2921,56,56,26,1
2922,3314,3314,694,64
2923,410,410,92,0
2924,155,155,31,9
2925,2091,2091,509,12
2926,31,31,60,0
2927,14847,14847,2361,355
2928,160,160,44,8
2929,8516,8516,1094,90
2930,87,87,32,3
2931,2622,2622,619,25
2932,1524,1524,149,9
2933,3369,3369,768,86
2934,1850,1850,653,1
2935,3183,3183,356,47
2936,60476,60476,6180,961
2937,52946,52946,13914,40
2938,23015,23015,9876,132
2939,615,615,93,0
2940,1018,1018,558,134
2941,3,3,1,0
2942,2341,2341,622,8
2943,5181,5181,634,1210
2944,635,635,81,24
2945,859,859,233,1
2946,6522,6522,1769,105
2947,7043,7043,3276,18
2948,1415,1415,449,0
2949,7255,7255,1471,8
2950,22718,22718,8305,393
2951,39,39,17,0
2952,158,158,4,1
2953,2942,2942,1192,568
2954,2103,2103,238,69
2955,1001,1001,377,31
2956,16081,16081,2751,44
2957,2773,2773,2892,31
2958,7,7,31,20
2959,3936,3936,621,116
2960,7367,7367,1795,9
2961,584,584,174,15
2962,4124,4124,1889,186
2963,400,400,176,87
2964,963,963,61,54
2965,273,273,221,217
2966,14,14,9,0
2967,293,293,141,9
2968,1425,1425,501,82
2969,9930,9930,3571,21
2970,1040,1040,428,65
2971,3688,3688,1664,33
2972,1178,1178,130,7
2973,16126,16126,3727,112
2974,16550,16550,1424,225
2975,4052,4052,2260,1110
2976,1561,1561,735,449
2977,691,691,108,101
2978,265,265,73,8
2979,663,663,1728,82
2980,79,79,36,8
2981,378,378,118,16
2982,1746,1746,342,135
2983,508,508,186,2
2984,1669,1669,195,23
2985,5929,5929,992,261
2986,13528,13528,5472,27
2987,3631,3631,466,51
2988,263,263,102,2
2989,3033,3033,439,239
2990,26027,26027,1416,166
2991,154,154,22,9
2992,1205,1205,347,14
2993,242,242,67,21
2994,26498,26498,13752,166
2995,3229,3229,2461,125
2996,3749,3749,1837,295
2997,5419,5419,1653,9
2998,3882,3882,600,493
2999,1862,1862,893,80
3000,2719,2719,8283,56
3001,16,16,16,0
3002,1858,1858,681,57
3003,2657,2657,1169,195
3004,1237,1237,635,28
3005,5299,5299,4317,363
3006,2834,2834,549,334
3007,358,358,123,3
3008,25928,25928,7105,18
3009,1288,1288,257,209
3010,1696,1696,381,29
3011,5918,5918,504,169
3012,14550,14550,1964,3
3013,1467,1467,344,8
3014,29467,29467,11065,18
3015,3445,3445,664,17
3016,192,192,31,11
3017,12013,12013,1478,57
3018,6771,6771,611,51
3019,8368,8368,1699,428
3020,1759,1759,539,52
3021,13,13,28,7
3022,9735,9735,1556,363
3023,64,64,8,0
3024,21465,21465,7726,11
3025,948,948,28083,1331
3026,4852,4852,6173,9
3027,6,6,92,0
3028,334,334,143,17
3029,2601,2601,526,113
3030,3217,3217,1632,76
3031,349,349,88,11
3032,944,944,311,889
3033,15957,15957,1500,129
3034,104,104,36,26
3035,202,202,49,2
3036,8930,8930,3811,3
3037,5446,5446,427,29
3038,19485,19485,4013,370
3039,389,389,104,62
3040,587,587,179,15
3041,2883,2883,609,48
3042,6880,6880,3004,3683
3043,3,3,1,0
3044,1728,1728,111,15
3045,1295,1295,508,2
3046,15649,15649,4800,91
3047,17416,17416,3614,1
3048,86,86,213,3
3049,922,922,396,26
3050,9237,9237,3603,279
3051,35088,35088,6626,51
3052,1022,1022,1032,4
3053,11351,11351,2157,46
3054,0,0,50,0
3055,23809,23809,2474,305
3056,3660,3660,1115,5
3057,103,103,10,2
3058,685,685,345,5
3059,11258,11258,2909,0
3060,4286,4286,1246,77
3061,478,478,317,0
3062,1906,1906,716,14
3063,710,710,174,1
3064,8199,8199,2257,99
3065,260,260,681,2
3066,528,528,225,36
3067,47166,47166,6930,478
3068,22632,22632,4953,30
3069,5356,5356,1782,143
3070,1373,1373,808,57
3071,1083,1083,124,34
3072,212,212,51,5
3073,54,54,12,0
3074,189,189,52,8
3075,15,15,7,0
3076,2797,2797,536,42
3077,3238,3238,1379,164
3078,6237,6237,3116,0
3079,1993,1993,905,55
3080,633,633,87,72
3081,426,426,189,1
3082,2452,2452,591,160
3083,127,127,54,2
3084,2067,2067,497,45
3085,3723,3723,799,34
3086,17887,17887,2349,22
3087,1718,1718,5248,105
3088,8120,8120,2838,113
3089,226,226,93,2
3090,12,12,10,0
3091,1042,1042,110,33
3092,6303,6303,697,56
3093,4474,4474,1385,90
3094,9628,9628,1733,127
3095,31,31,38,43
3096,981,981,707,155
3097,19,19,18,8
3098,2312,2312,176,0
3099,3692,3692,743,645
3100,4428,4428,1252,344
3101,4628,4628,452,21
3102,361,361,195,344
3103,1784,1784,919,19
3104,3,3,72,0
3105,9,9,11,3
3106,74182,74182,8500,178
3107,360,360,58,1
3108,1046,1046,430,21
3109,36782,36782,8276,693
3110,1811,1811,871,108
3111,1733,1733,373,59
3112,1685,1685,1205,27
3113,1973,1973,443,22
3114,561,561,109,1
3115,20913,20913,2589,242
3116,47,47,809,13
3117,488,488,156,1
3118,19833,19833,4807,2437
3119,7356,7356,2464,473
3120,7271,7271,1178,334
3121,216,216,62,1
3122,301,301,196,5
3123,253,253,84,113
3124,18,18,152,1
3125,5394,5394,997,16
3126,5380,5380,1303,27
